Workbook

Sheet Unsold
B2: Unsold Player | C2: Team
B3: Jamie Overton | C3: CSK
B4: Ramakrishna Ghosh | C4: CSK
B5: Gurjapneet | C5: CSK
B6: Shreyas | C6: CSK
B7: Karthik Sharma | C7: CSK
B8: Matthew Short | C8: CSK
B9: Aman Khan | C9: CSK
B10: Sarfaraz Khan | C10: CSK
B11: Rahul Chahar | C11: CSK
B12: Ajay Mandal | C12: DC
B13: Madhav Tiwari | C13: DC
... B108: J Inglis | C108: LSG

Sheet Summary
D1: IPL 2026
C2: Purse left (Cr) | D2: Batsman | E2: Bowler | F2: Wkt Keeper | G2: All-Rounder | H2: Total Players
B3: DK | C3: =DK!I5 -> 0 | D3: =DK!I8 -> 6 | E3: =DK!I9 -> 6 | F3: =DK!I10 -> 1 | G3: =DK!I11 -> 7 | H3: =SUM(D3:G3) -> 20
B4: Anand | C4: =Anand!I5 -> 0.2 | D4: =Anand!I8 -> 10 | E4: =Anand!I9 -> 7 | F4: =Anand!I10 -> 1 | G4: =Anand!I11 -> 2 | H4: =SUM(D4:G4) -> 20
B5: Shash | C5: =Shash!I5 -> 0.4 | D5: =Shash!I8 -> 7 | E5: =Shash!I9 -> 7 | F5: =Shash!I10 -> 1 | G5: =Shash!I11 -> 5 | H5: =SUM(D5:G5) -> 20
B6: Naveen+Sujeeth | C6: ='Naveen + Sujeeth'!I5 -> 1.4 | D6: ='Naveen + Sujeeth'!I8 -> 8 | E6: ='Naveen + Sujeeth'!I9 -> 6 | F6: ='Naveen + Sujeeth'!I10 -> 1 | G6: ='Naveen + Sujeeth'!I11 -> 5 | H6: =SUM(D6:G6) -> 20
B7: Roshan | C7: =Roshan!I5 -> 0.2 | D7: =Roshan!I8 -> 7 | E7: =Roshan!I9 -> 7 | F7: =Roshan!I10 -> 1 | G7: =Roshan!I11 -> 5 | H7: =SUM(D7:G7) -> 20
B8: Yesh | C8: =Yesh!I5 -> 1.7 | D8: =Yesh!I8 -> 5 | E8: =Yesh!I9 -> 6 | F8: =Yesh!I10 -> 1 | G8: =Yesh!I11 -> 8 | H8: =SUM(D8:G8) -> 20
B9: Siddharth | C9: =Siddharth!I5 -> 0.5 | D9: =Siddharth!I8 -> 7 | E9: =Siddharth!I9 -> 8 | F9: =Siddharth!I10 -> 1 | G9: =Siddharth!I11 -> 4 | H9: =SUM(D9:G9) -> 20
C10: =NA!I5 -> 20 | D10: =NA!I8 -> 0 | E10: =NA!I9 -> 0 | F10: =NA!I10 -> 0 | G10: =NA!I11 -> 0 | H10: =SUM(D10:G10) -> 0
G12: Total Players Needed | H12: 160
B13: Total purse left | C13: =SUM(C3:C10) -> 24.4 | G13: Normal Players Sold | H13: =(SUM(H3:H10)) -> 140
G14: Players left | H14: =H12-H13 -> 20
B17: Winners
B18: Runner
D22: Batsmen | E22: 5
D23: Bowler | E23: 4
D24: WK | E24: 1

Sheet DK
B3: Sl.No. | C3: Players | D3: Price (L) | E3: Role | H3: Total Budget (Cr) | I3: 20
B4: 1 | C4: Khaleel Ahmed | D4: 160 | E4: Bowler | H4: Budget spent (Cr) | I4: =SUM(D4:D23)/100 -> 20
B5: 2 | C5: Axar Patel | D5: 300 | E5: All rounder | H5: Budget left (Cr) | I5: =I3-I4 -> 0
B6: 3 | C6: Rahul KL | D6: 350 | E6: Wkt Keeper
B7: 4 | C7: S Gill | D7: 360 | E7: Batsman | I7: Taken | J7: Min req
B8: 5 | C8: W Sundar | D8: 160 | E8: All rounder | H8: Batsman | I8: =COUNTIF($E$4:$E$23,H8) -> 6 | J8: 5
B9: 6 | C9: J Hazlewood | D9: 10 | E9: Bowler | H9: Bowler | I9: =COUNTIF($E$4:$E$23,H9) -> 6 | J9: 4
B10: 7 | C10: J Archer | D10: 90 | E10: Bowler | H10: Wkt Keeper | I10: =COUNTIF($E$4:$E$23,H10) -> 1 | J10: 1
B11: 8 | C11: Naman Dhir | D11: 10 | E11: Batsman | H11: All rounder | I11: =COUNTIF($E$4:$E$23,H11) -> 7
B12: 9 | C12: Bumrah | D12: 260 | E12: Bowler
B13: 10 | C13: Shashank Singh | D13: 10 | E13: Batsman
B14: 11 | C14: H Brar | D14: 10 | E14: All rounder
B15: 12 | C15: V Chakaravarthy | D15: 150 | E15: Bowler
B16: 13 | C16: NKR | D16: 10 | E16: All rounder
B17: 14 | C17: N Pooran | D17: 60 | E17: Batsman
B18: 15 | C18: A Badoni | D18: 10 | E18: Batsman
B19: 16 | C19: Prashant Veer | D19: 10 | E19: All rounder
B20: 17 | C20: Glenn Philips | D20: 10 | E20: All rounder
B21: 18 | C21: Harsh Dubey | D21: 10 | E21: All rounder
B22: 19 | C22: Matt Henry | D22: 10 | E22: Bowler
B23: 20 | C23: Ashutosh Sharma | D23: 10 | E23: Batsman

Sheet Anand
B3: Sl.No. | C3: Players | D3: Price (L) | E3: Role | H3: Total Budget (Cr) | I3: 20
B4: 1 | C4: Ruturaj | D4: 300 | E4: Batsman | H4: Budget spent (Cr) | I4: =SUM(D4:D23)/100 -> 19.8
B5: 2 | C5: Chameera | D5: 10 | E5: Bowler | H5: Budget left (Cr) | I5: =I3-I4 -> 0.2
B6: 3 | C6: Nissanka | D6: 90 | E6: Batsman
B7: 4 | C7: Jos Butler | D7: 330 | E7: Wkt Keeper | I7: Taken | J7: Min req
B8: 5 | C8: Jitesh Sharma | D8: 210 | E8: Batsman | H8: Batsman | I8: =COUNTIF($E$4:$E$23,H8) -> 10 | J8: 5
B9: 6 | C9: B Kumar | D9: 100 | E9: Bowler | H9: Bowler | I9: =COUNTIF($E$4:$E$23,H9) -> 7 | J9: 4
B10: 7 | C10: H Pandya | D10: 240 | E10: All rounder | H10: Wkt Keeper | I10: =COUNTIF($E$4:$E$23,H10) -> 1 | J10: 1
B11: 8 | C11: QDC | D11: 70 | E11: Batsman | H11: All rounder | I11: =COUNTIF($E$4:$E$23,H11) -> 2
B12: 9 | C12: Nehal Wadhera | D12: 110 | E12: Batsman
B13: 10 | C13: Vyshak Vijaykumar | D13: 10 | E13: Bowler
B14: 11 | C14: Tim Seifert | D14: 10 | E14: Batsman
B15: 12 | C15: I Kishan | D15: 250 | E15: Batsman
B16: 13 | C16: H Klassen | D16: 90 | E16: Batsman
B17: 14 | C17: Hasaranga | D17: 10 | E17: All rounder
B18: 15 | C18: M Shami | D18: 10 | E18: Bowler
B19: 16 | C19: Karun nair | D19: 10 | E19: Batsman
B20: 17 | C20: Ngidi | D20: 10 | E20: Bowler
B21: 18 | C21: Lockie Ferguson | D21: 100 | E21: Bowler
B22: 19 | C22: M Pandey | D22: 10 | E22: Batsman
B23: 20 | C23: A Nortje | D23: 10 | E23: Bowler

Sheet Shash
B3: Sl.No. | C3: Players | D3: Price (L) | E3: Role | H3: Total Budget (Cr) | I3: 20
B4: 1 | C4: Noor Ahmed | D4: 300 | E4: Bowler | H4: Budget spent (Cr) | I4: =SUM(D4:D23)/100 -> 19.6
B5: 2 | C5: M Siraj | D5: 110 | E5: Bowler | H5: Budget left (Cr) | I5: =I3-I4 -> 0.4
B6: 3 | C6: Sai Kishore | D6: 70 | E6: Bowler
B7: 4 | C7: V Kohli | D7: 360 | E7: Batsman | I7: Taken | J7: Min req
B8: 5 | C8: P Salt | D8: 250 | E8: Wkt Keeper | H8: Batsman | I8: =COUNTIF($E$4:$E$23,H8) -> 7 | J8: 5
B9: 6 | C9: S Hetmyer | D9: 80 | E9: Batsman | H9: Bowler | I9: =COUNTIF($E$4:$E$23,H9) -> 7 | J9: 4
B10: 7 | C10: R Parag | D10: 130 | E10: All rounder | H10: Wkt Keeper | I10: =COUNTIF($E$4:$E$23,H10) -> 1 | J10: 1
B11: 8 | C11: Ashwini Kumar | D11: 10 | E11: Bowler | H11: All rounder | I11: =COUNTIF($E$4:$E$23,H11) -> 5
B12: 9 | C12: Shreyas Iyer | D12: 230 | E12: Batsman
B13: 10 | C13: Marco Jansen | D13: 40 | E13: All rounder
B14: 11 | C14: Cooper Connolly | D14: 50 | E14: All rounder
B15: 12 | C15: Finn Allen | D15: 50 | E15: Batsman
B16: 13 | C16: Aiden Markram | D16: 10 | E16: Batsman
B17: 14 | C17: R Pant | D17: 60 | E17: Batsman
B18: 15 | C18: Marsh | D18: 100 | E18: All rounder
B19: 16 | C19: Xavier Bartlett | D19: 10 | E19: Bowler
B20: 17 | C20: V Arora | D20: 30 | E20: Bowler
B21: 18 | C21: Rachin Ravindra | D21: 40 | E21: Batsman
B22: 19 | C22: S Ahmed | D22: 20 | E22: All rounder
B23: 20 | C23: D Rathi | D23: 10 | E23: Bowler

Sheet Naveen + Sujeeth
B3: Sl.No. | C3: Players | D3: Price (L) | E3: Role | H3: Total Budget (Cr) | I3: 20
B4: 1 | C4: Brewis | D4: 220 | E4: Batsman | H4: Budget spent (Cr) | I4: =SUM(D4:D23)/100 -> 18.6
B5: 2 | C5: Dube | D5: 200 | E5: All rounder | H5: Budget left (Cr) | I5: =I3-I4 -> 1.4
B6: 3 | C6: Abhishek Porel | D6: 150 | E6: Wkt Keeper
B7: 4 | C7: T Stubbs | D7: 80 | E7: Batsman | I7: Taken | J7: Min req
B8: 5 | C8: Shah Rukh Khan | D8: 10 | E8: Batsman | H8: Batsman | I8: =COUNTIF($E$4:$E$23,H8) -> 8 | J8: 5
B9: 6 | C9: D Padikal | D9: 50 | E9: Batsman | H9: Bowler | I9: =COUNTIF($E$4:$E$23,H9) -> 6 | J9: 4
B10: 7 | C10: R Shepard | D10: 20 | E10: All rounder | H10: Wkt Keeper | I10: =COUNTIF($E$4:$E$23,H10) -> 1 | J10: 1
B11: 8 | C11: Sandeep Sharma | D11: 70 | E11: Bowler | H11: All rounder | I11: =COUNTIF($E$4:$E$23,H11) -> 5
B12: 9 | C12: V Suryavanshi | D12: 200 | E12: Batsman
B13: 10 | C13: R Bishnoi | D13: 80 | E13: Bowler
B14: 11 | C14: T Varma | D14: 200 | E14: Batsman
B15: 12 | C15: Mayank Markande | D15: 10 | E15: Bowler
B16: 13 | C16: Y Chahal | D16: 200 | E16: Bowler
B17: 14 | C17: S Narine | D17: 50 | E17: All rounder
B18: 15 | C18: C Green | D18: 150 | E18: All rounder
B19: 16 | C19: M Chowdary | D19: 10 | E19: Bowler
B20: 17 | C20: D Miller | D20: 40 | E20: Batsman
B21: 18 | C21: Auqib nabi | D21: 10 | E21: Bowler
B22: 19 | C22: Rickleton | D22: 10 | E22: Batsman
B23: 20 | C23: A Omarzai | D23: 100 | E23: All rounder

Sheet Roshan
B3: Sl.No. | C3: Players | D3: Price (L) | E3: Role | H3: Total Budget (Cr) | I3: 20
B4: 1 | C4: MS Dhoni | D4: 40 | E4: Wkt Keeper | H4: Budget spent (Cr) | I4: =SUM(D4:D23)/100 -> 19.8
B5: 2 | C5: Nithish Rana | D5: 80 | E5: All rounder | H5: Budget left (Cr) | I5: =I3-I4 -> 0.2
B6: 3 | C6: Kuldeep Yadav | D6: 220 | E6: Bowler
B7: 4 | C7: V Nigam | D7: 70 | E7: All rounder | I7: Taken | J7: Min req
B8: 5 | C8: K Rabada | D8: 70 | E8: Bowler | H8: Batsman | I8: =COUNTIF($E$4:$E$23,H8) -> 7 | J8: 5
B9: 6 | C9: Rashid Khan | D9: 200 | E9: All rounder | H9: Bowler | I9: =COUNTIF($E$4:$E$23,H9) -> 7 | J9: 4
B10: 7 | C10: Rajat Patidhar | D10: 190 | E10: Batsman | H10: Wkt Keeper | I10: =COUNTIF($E$4:$E$23,H10) -> 1 | J10: 1
B11: 8 | C11: T David | D11: 40 | E11: All rounder | H11: All rounder | I11: =COUNTIF($E$4:$E$23,H11) -> 5
B12: 9 | C12: D Ferreira | D12: 40 | E12: All rounder
B13: 10 | C13: Jaishwal | D13: 270 | E13: Batsman
B14: 11 | C14: R Sharma | D14: 140 | E14: Batsman
B15: 12 | C15: S Yadav | D15: 210 | E15: Batsman
B16: 13 | C16: Arshdeep Singh | D16: 180 | E16: Bowler
B17: 14 | C17: Rahane | D17: 60 | E17: Batsman
B18: 15 | C18: Avesh Khan | D18: 10 | E18: Bowler
B19: 16 | C19: I Sharma | D19: 10 | E19: Bowler
B20: 17 | C20: A Raghuvanshi | D20: 120 | E20: Batsman
B21: 18 | C21: R Tripathi | D21: 10 | E21: Batsman
B22: 19 | C22: S Mavi | D22: 10 | E22: Bowler
B23: 20 | C23: Mohsin Khan | D23: 10 | E23: Bowler

Sheet Yesh
B3: Sl.No. | C3: Players | D3: Price (L) | E3: Role | H3: Total Budget (Cr) | I3: 20
B4: 1 | C4: Ayush Mhatre | D4: 130 | E4: Batsman | H4: Budget spent (Cr) | I4: =SUM(D4:D23)/100 -> 18.3
B5: 2 | C5: Urvil Patel | D5: 10 | E5: Wkt Keeper | H5: Budget left (Cr) | I5: =I3-I4 -> 1.7
B6: 3 | C6: Sai Sudharasan | D6: 390 | E6: Batsman
B7: 4 | C7: Ashok Sharma | D7: 40 | E7: Bowler | I7: Taken | J7: Min req
B8: 5 | C8: K Pandya | D8: 110 | E8: All rounder | H8: Batsman | I8: =COUNTIF($E$4:$E$23,H8) -> 5 | J8: 5
B9: 6 | C9: Suyash Sharma | D9: 40 | E9: Bowler | H9: Bowler | I9: =COUNTIF($E$4:$E$23,H9) -> 6 | J9: 4
B10: 7 | C10: J Duffy | D10: 50 | E10: Bowler | H10: Wkt Keeper | I10: =COUNTIF($E$4:$E$23,H10) -> 1 | J10: 1
B11: 8 | C11: Jadeja | D11: 150 | E11: All rounder | H11: All rounder | I11: =COUNTIF($E$4:$E$23,H11) -> 8
B12: 9 | C12: Nandre Burger | D12: 10 | E12: Bowler
B13: 10 | C13: T Boult | D13: 90 | E13: Bowler
B14: 11 | C14: W Jacks | D14: 40 | E14: All rounder
B15: 12 | C15: P Singh | D15: 100 | E15: Batsman
B16: 13 | C16: P Arya | D16: 80 | E16: Batsman
B17: 14 | C17: M Stoinis | D17: 60 | E17: All rounder
B18: 15 | C18: Abishek Sharma | D18: 260 | E18: Batsman
B19: 16 | C19: Pat Cummins | D19: 170 | E19: All rounder
B20: 17 | C20: Liam Livingstone | D20: 70 | E20: All rounder
B21: 18 | C21: Akeal Hosein | D21: 10 | E21: All rounder
B22: 19 | C22: Zak Foulkes | D22: 10 | E22: Bowler
B23: 20 | C23: C Bosch | D23: 10 | E23: All rounder

Sheet Siddharth
B3: Sl.No. | C3: Players | D3: Price (L) | E3: Role | H3: Total Budget (Cr) | I3: 20
B4: 1 | C4: Sanju Samson | D4: 360 | E4: Wkt Keeper | H4: Budget spent (Cr) | I4: =SUM(D4:D23)/100 -> 19.5
B5: 2 | C5: Anshul Kamboj | D5: 70 | E5: Bowler | H5: Budget left (Cr) | I5: =I3-I4 -> 0.5
B6: 3 | C6: Starc | D6: 200 | E6: Bowler
B7: 4 | C7: Rizvi | D7: 60 | E7: Batsman | I7: Taken | J7: Min req
B8: 5 | C8: Natrajan | D8: 70 | E8: Bowler | H8: Batsman | I8: =COUNTIF($E$4:$E$23,H8) -> 7 | J8: 5
B9: 6 | C9: Rahul Tewatia | D9: 50 | E9: All rounder | H9: Bowler | I9: =COUNTIF($E$4:$E$23,H9) -> 8 | J9: 4
B10: 7 | C10: P Krishna | D10: 100 | E10: Bowler | H10: Wkt Keeper | I10: =COUNTIF($E$4:$E$23,H10) -> 1 | J10: 1
B11: 8 | C11: J Holder | D11: 40 | E11: All rounder | H11: All rounder | I11: =COUNTIF($E$4:$E$23,H11) -> 4
B12: 9 | C12: J Bethell | D12: 110 | E12: Batsman
B13: 10 | C13: V Iyer | D13: 70 | E13: Batsman
B14: 11 | C14: D Jurel | D14: 90 | E14: Batsman
B15: 12 | C15: T Deshpande | D15: 50 | E15: Bowler
B16: 13 | C16: Satner | D16: 10 | E16: All rounder
B17: 14 | C17: D Chahar | D17: 130 | E17: Bowler
B18: 15 | C18: T Head | D18: 170 | E18: Batsman
B19: 16 | C19: S Thakur | D19: 110 | E19: All rounder
B20: 17 | C20: Yash Thakur | D20: 10 | E20: Bowler
B21: 18 | C21: Rinku Singh | D21: 120 | E21: Batsman
B22: 19 | C22: Harshal Patel | D22: 70 | E22: Bowler
B23: 20 | C23: Abdul Samad | D23: 60 | E23: Batsman

Sheet NA
B3: Sl.No. | C3: Players | D3: Price (L) | E3: Role | H3: Total Budget (Cr) | I3: 20
B4: 1 | H4: Budget spent (Cr) | I4: =SUM(D4:D23)/100 -> 0
B5: 2 | H5: Budget left (Cr) | I5: =I3-I4 -> 20
B6: 3
B7: 4 | I7: Taken | J7: Min req
B8: 5 | H8: Batsman | I8: =COUNTIF($E$4:$E$23,H8) -> 0 | J8: 5
B9: 6 | H9: Bowler | I9: =COUNTIF($E$4:$E$23,H9) -> 0 | J9: 4
B10: 7 | H10: Wkt Keeper | I10: =COUNTIF($E$4:$E$23,H10) -> 0 | J10: 1
B11: 8 | H11: All rounder | I11: =COUNTIF($E$4:$E$23,H11) -> 0
B12: 9
B13: 10
B14: 11
B15: 12
B16: 13
B17: 14
B18: 15
B19: 16
B20: 17
B21: 18
B22: 19
B23: 20
